{
    "criteria": {
      "requirement": {
        "trigger": "minecraft:inventory_changed",
        "conditions": {
          "player": [
            {
              "condition": "minecraft:inverted",
              "term": {
                "condition": "minecraft:entity_scores",
                "entity": "this",
                "scores": {
                  "ntils.z.player.inv.update.bool": {
                    "min": 1
                  }
                }
              }
            }
          ]
        }
      }
    },
    "rewards": {
      "function": "ntils:z/player/inv/update/reward"
    }
  }
  