{
    "criteria": {
      "requirement": {
        "trigger": "minecraft:inventory_changed",
        "conditions": {
          "player": [
            {
              "condition": "minecraft:inverted",
              "term": {
                "condition": "minecraft:entity_scores",
                "entity": "this",
                "scores": {
                  "utils.inv.update": {
                    "min": 1
                  }
                }
              }
            }
          ]
        }
      }
    },
    "rewards": {
      "function": "utils:z/inv/update/reward"
    }
  }
  