{
  "criteria": {
    "requirement": {
      "trigger": "minecraft:enter_block",
      "conditions": {
        "player": [
          {
            "condition": "minecraft:entity_properties",
            "entity": "this",
            "predicate": {
              "type_specific": {
                "type": "minecraft:player",
                "gamemode": "creative"
              }
            }
          },
          {
            "condition": "minecraft:entity_scores",
            "entity": "this",
            "scores": {
              "ntils.z.combat.invul.on": {
                "min": 1
              }
            }
          }
        ]
      }
    }
  },
  "rewards": {
    "function": "ntils:z/combat/invul/reward"
  }
}
