{
    "criteria": {
      "requirement": {
        "trigger": "minecraft:effects_changed",
        "conditions": {
          "player": [
            {
              "condition": "minecraft:entity_scores",
              "entity": "this",
              "scores": {
                "ntils.z.combat.heal.subtick": {
                  "min": 1
                }
              }
            },
            {
              "condition": "minecraft:inverted",
              "term": {
                "condition": "minecraft:entity_properties",
                "entity": "this",
                "predicate": {
                  "effects": {
                    "minecraft:instant_health": {
                      "amplifier": 28
                    }
                  }
                }
              }
            }
          ]
        }
      }
    },
    "rewards": {
      "function": "ntils:z/combat/heal/reward"
    }
  }
  