{
    "criteria": {
      "requirement": {
        "trigger": "minecraft:enter_block",
        "conditions": {
          "player": [
            {
              "condition": "minecraft:entity_scores",
              "entity": "this",
              "scores": {
                "ntils.z.combat.fire.clear.bool": {
                  "min": 1
                }
              }
            }
          ]
        }
      }
    },
    "rewards": {
      "function": "ntils:z/combat/fire/clear/end"
    }
  }
  