{
    "criteria": {
      "x_0": {
        "trigger": "minecraft:placed_block",
        "conditions": {
          "location": [
            {
              "condition": "minecraft:entity_properties",
              "entity": "this",
              "predicate": {
                "distance": {
                  "x": {
                    "min": 0,
                    "max": 0.5
                  }
                }
              }
            }
          ]
        }
      },
      "x_1": {
        "trigger": "minecraft:placed_block",
        "conditions": {
          "location": [
            {
              "condition": "minecraft:entity_properties",
              "entity": "this",
              "predicate": {
                "distance": {
                  "x": {
                    "min": 0.500001,
                    "max": 1.5
                  }
                }
              }
            }
          ]
        }
      },
      "x_2": {
        "trigger": "minecraft:placed_block",
        "conditions": {
          "location": [
            {
              "condition": "minecraft:entity_properties",
              "entity": "this",
              "predicate": {
                "distance": {
                  "x": {
                    "min": 1.500001,
                    "max": 2.5
                  }
                }
              }
            }
          ]
        }
      },
      "x_3": {
        "trigger": "minecraft:placed_block",
        "conditions": {
          "location": [
            {
              "condition": "minecraft:entity_properties",
              "entity": "this",
              "predicate": {
                "distance": {
                  "x": {
                    "min": 2.500001,
                    "max": 3.5
                  }
                }
              }
            }
          ]
        }
      },
      "x_4": {
        "trigger": "minecraft:placed_block",
        "conditions": {
          "location": [
            {
              "condition": "minecraft:entity_properties",
              "entity": "this",
              "predicate": {
                "distance": {
                  "x": {
                    "min": 3.500001,
                    "max": 4.5
                  }
                }
              }
            }
          ]
        }
      },
      "x_5": {
        "trigger": "minecraft:placed_block",
        "conditions": {
          "location": [
            {
              "condition": "minecraft:entity_properties",
              "entity": "this",
              "predicate": {
                "distance": {
                  "x": {
                    "min": 4.500001,
                    "max": 5.5
                  }
                }
              }
            }
          ]
        }
      },
      "x_6": {
        "trigger": "minecraft:placed_block",
        "conditions": {
          "location": [
            {
              "condition": "minecraft:entity_properties",
              "entity": "this",
              "predicate": {
                "distance": {
                  "x": {
                    "min": 5.500001,
                    "max": 6.5
                  }
                }
              }
            }
          ]
        }
      },
      "x_7": {
        "trigger": "minecraft:placed_block",
        "conditions": {
          "location": [
            {
              "condition": "minecraft:entity_properties",
              "entity": "this",
              "predicate": {
                "distance": {
                  "x": {
                    "min": 6.500001,
                    "max": 7.5
                  }
                }
              }
            }
          ]
        }
      },
      "x_8": {
        "trigger": "minecraft:placed_block",
        "conditions": {
          "location": [
            {
              "condition": "minecraft:entity_properties",
              "entity": "this",
              "predicate": {
                "distance": {
                  "x": {
                    "min": 7.500001,
                    "max": 8.5
                  }
                }
              }
            }
          ]
        }
      },
      "y_0": {
        "trigger": "minecraft:placed_block",
        "conditions": {
          "location": [
            {
              "condition": "minecraft:entity_properties",
              "entity": "this",
              "predicate": {
                "distance": {
                  "y": {
                    "min": 0,
                    "max": 0.5
                  }
                }
              }
            }
          ]
        }
      },
      "y_1": {
        "trigger": "minecraft:placed_block",
        "conditions": {
          "location": [
            {
              "condition": "minecraft:entity_properties",
              "entity": "this",
              "predicate": {
                "distance": {
                  "y": {
                    "min": 0.500001,
                    "max": 1.5
                  }
                }
              }
            }
          ]
        }
      },
      "y_2": {
        "trigger": "minecraft:placed_block",
        "conditions": {
          "location": [
            {
              "condition": "minecraft:entity_properties",
              "entity": "this",
              "predicate": {
                "distance": {
                  "y": {
                    "min": 1.500001,
                    "max": 2.5
                  }
                }
              }
            }
          ]
        }
      },
      "y_3": {
        "trigger": "minecraft:placed_block",
        "conditions": {
          "location": [
            {
              "condition": "minecraft:entity_properties",
              "entity": "this",
              "predicate": {
                "distance": {
                  "y": {
                    "min": 2.500001,
                    "max": 3.5
                  }
                }
              }
            }
          ]
        }
      },
      "y_4": {
        "trigger": "minecraft:placed_block",
        "conditions": {
          "location": [
            {
              "condition": "minecraft:entity_properties",
              "entity": "this",
              "predicate": {
                "distance": {
                  "y": {
                    "min": 3.500001,
                    "max": 4.5
                  }
                }
              }
            }
          ]
        }
      },
      "y_5": {
        "trigger": "minecraft:placed_block",
        "conditions": {
          "location": [
            {
              "condition": "minecraft:entity_properties",
              "entity": "this",
              "predicate": {
                "distance": {
                  "y": {
                    "min": 4.500001,
                    "max": 5.5
                  }
                }
              }
            }
          ]
        }
      },
      "y_6": {
        "trigger": "minecraft:placed_block",
        "conditions": {
          "location": [
            {
              "condition": "minecraft:entity_properties",
              "entity": "this",
              "predicate": {
                "distance": {
                  "y": {
                    "min": 5.500001,
                    "max": 6.5
                  }
                }
              }
            }
          ]
        }
      },
      "y_7": {
        "trigger": "minecraft:placed_block",
        "conditions": {
          "location": [
            {
              "condition": "minecraft:entity_properties",
              "entity": "this",
              "predicate": {
                "distance": {
                  "y": {
                    "min": 6.500001,
                    "max": 7.5
                  }
                }
              }
            }
          ]
        }
      },
      "y_8": {
        "trigger": "minecraft:placed_block",
        "conditions": {
          "location": [
            {
              "condition": "minecraft:entity_properties",
              "entity": "this",
              "predicate": {
                "distance": {
                  "y": {
                    "min": 7.500001,
                    "max": 8.5
                  }
                }
              }
            }
          ]
        }
      },
      "z_0": {
        "trigger": "minecraft:placed_block",
        "conditions": {
          "location": [
            {
              "condition": "minecraft:entity_properties",
              "entity": "this",
              "predicate": {
                "distance": {
                  "z": {
                    "min": 0,
                    "max": 0.5
                  }
                }
              }
            }
          ]
        }
      },
      "z_1": {
        "trigger": "minecraft:placed_block",
        "conditions": {
          "location": [
            {
              "condition": "minecraft:entity_properties",
              "entity": "this",
              "predicate": {
                "distance": {
                  "z": {
                    "min": 0.500001,
                    "max": 1.5
                  }
                }
              }
            }
          ]
        }
      },
      "z_2": {
        "trigger": "minecraft:placed_block",
        "conditions": {
          "location": [
            {
              "condition": "minecraft:entity_properties",
              "entity": "this",
              "predicate": {
                "distance": {
                  "z": {
                    "min": 1.500001,
                    "max": 2.5
                  }
                }
              }
            }
          ]
        }
      },
      "z_3": {
        "trigger": "minecraft:placed_block",
        "conditions": {
          "location": [
            {
              "condition": "minecraft:entity_properties",
              "entity": "this",
              "predicate": {
                "distance": {
                  "z": {
                    "min": 2.500001,
                    "max": 3.5
                  }
                }
              }
            }
          ]
        }
      },
      "z_4": {
        "trigger": "minecraft:placed_block",
        "conditions": {
          "location": [
            {
              "condition": "minecraft:entity_properties",
              "entity": "this",
              "predicate": {
                "distance": {
                  "z": {
                    "min": 3.500001,
                    "max": 4.5
                  }
                }
              }
            }
          ]
        }
      },
      "z_5": {
        "trigger": "minecraft:placed_block",
        "conditions": {
          "location": [
            {
              "condition": "minecraft:entity_properties",
              "entity": "this",
              "predicate": {
                "distance": {
                  "z": {
                    "min": 4.500001,
                    "max": 5.5
                  }
                }
              }
            }
          ]
        }
      },
      "z_6": {
        "trigger": "minecraft:placed_block",
        "conditions": {
          "location": [
            {
              "condition": "minecraft:entity_properties",
              "entity": "this",
              "predicate": {
                "distance": {
                  "z": {
                    "min": 5.500001,
                    "max": 6.5
                  }
                }
              }
            }
          ]
        }
      },
      "z_7": {
        "trigger": "minecraft:placed_block",
        "conditions": {
          "location": [
            {
              "condition": "minecraft:entity_properties",
              "entity": "this",
              "predicate": {
                "distance": {
                  "z": {
                    "min": 6.500001,
                    "max": 7.5
                  }
                }
              }
            }
          ]
        }
      },
      "z_8": {
        "trigger": "minecraft:placed_block",
        "conditions": {
          "location": [
            {
              "condition": "minecraft:entity_properties",
              "entity": "this",
              "predicate": {
                "distance": {
                  "z": {
                    "min": 7.500001,
                    "max": 8.5
                  }
                }
              }
            }
          ]
        }
      }
    },
    "requirements": [
      [
        "x_0",
        "x_1",
        "x_2",
        "x_3",
        "x_4",
        "x_5",
        "x_6",
        "x_7",
        "x_8"
      ],
      [
        "y_0",
        "y_1",
        "y_2",
        "y_3",
        "y_4",
        "y_5",
        "y_6",
        "y_7",
        "y_8"
      ],
      [
        "z_0",
        "z_1",
        "z_2",
        "z_3",
        "z_4",
        "z_5",
        "z_6",
        "z_7",
        "z_8"
      ]
    ],
    "rewards": {
      "function": "utils:z/place_block/main"
    }
  }
  