{
  "condition": "minecraft:inverted",
  "term": {
    "condition": "minecraft:any_of",
    "terms": [
      {
        "condition": "minecraft:entity_properties",
        "entity": "this",
        "predicate": {
          "flags": {
            "is_sprinting": true
          }
        }
      },
      {
        "condition": "minecraft:entity_properties",
        "entity": "this",
        "predicate": {
          "flags": {
            "is_swimming": true
          }
        }
      },
      {
        "condition": "minecraft:entity_properties",
        "entity": "this",
        "predicate": {
          "effects": {
            "minecraft:blindness": {}
          }
        }
      },
      {
        "condition": "minecraft:entity_properties",
        "entity": "this",
        "predicate": {
          "effects": {
            "minecraft:slow_falling": {}
          }
        }
      },
      {
        "condition": "minecraft:entity_properties",
        "entity": "this",
        "predicate": {
          "vehicle": {}
        }
      },
      {
        "condition": "minecraft:location_check",
        "predicate": {
          "block": {
            "blocks": "#minecraft:climbable"
          }
        }
      },
      {
        "condition": "minecraft:entity_properties",
        "entity": "this",
        "predicate": {
          "location": {
            "block": {
              "blocks": [
                "minecraft:water"
              ]
            }
          }
        }
      },
      {
        "condition": "minecraft:entity_properties",
        "entity": "this",
        "predicate": {
          "nbt": "{abilities:{flying:1b}}"
        }
      },
      {
        "condition": "minecraft:entity_properties",
        "entity": "this",
        "predicate": {
          "nbt": "{FallDistance:0.0f}"
        }
      }
    ]
  }
}
